# ************************************************************
# Sequel Pro SQL dump
# Version 4541
#
# http://www.sequelpro.com/
# https://github.com/sequelpro/sequelpro
#
# Host: 127.0.0.1 (MySQL 5.7.19)
# Database: blog
# Generation Time: 2017-10-14 18:02:20 +0000
# ************************************************************


/*!40101 SET @OLD_CHARACTER_SET_CLIENT=@@CHARACTER_SET_CLIENT */;
/*!40101 SET @OLD_CHARACTER_SET_RESULTS=@@CHARACTER_SET_RESULTS */;
/*!40101 SET @OLD_COLLATION_CONNECTION=@@COLLATION_CONNECTION */;
/*!40101 SET NAMES utf8 */;
/*!40014 SET @OLD_FOREIGN_KEY_CHECKS=@@FOREIGN_KEY_CHECKS, FOREIGN_KEY_CHECKS=0 */;
/*!40101 SET @OLD_SQL_MODE=@@SQL_MODE, SQL_MODE='NO_AUTO_VALUE_ON_ZERO' */;
/*!40111 SET @OLD_SQL_NOTES=@@SQL_NOTES, SQL_NOTES=0 */;


# Dump of table about
# ------------------------------------------------------------

DROP TABLE IF EXISTS `about`;

CREATE TABLE `about` (
  `id` int(11) NOT NULL AUTO_INCREMENT,
  `about_hobby` varchar(255) DEFAULT NULL,
  `about_motto` varchar(255) DEFAULT NULL,
  `about_name` varchar(255) DEFAULT NULL,
  `about_other` varchar(255) DEFAULT NULL,
  `about_sex` varchar(255) DEFAULT NULL,
  PRIMARY KEY (`id`)
) ENGINE=InnoDB DEFAULT CHARSET=utf8mb4;

LOCK TABLES `about` WRITE;
/*!40000 ALTER TABLE `about` DISABLE KEYS */;

INSERT INTO `about` (`id`, `about_hobby`, `about_motto`, `about_name`, `about_other`, `about_sex`)
VALUES
	(1,'买买买','业精于勤，荒于嬉；行成于思，毁于随','刘浩然','','男');

/*!40000 ALTER TABLE `about` ENABLE KEYS */;
UNLOCK TABLES;


# Dump of table admin
# ------------------------------------------------------------

DROP TABLE IF EXISTS `admin`;

CREATE TABLE `admin` (
  `id` int(11) unsigned NOT NULL AUTO_INCREMENT,
  `admin_name` varchar(20) NOT NULL DEFAULT 'admin' COMMENT '管理员名称',
  `admin_email` varchar(100) NOT NULL DEFAULT '' COMMENT '管理员邮箱',
  `admin_password` varchar(128) NOT NULL DEFAULT 'admin' COMMENT '管理员密码',
  `admin_token` varchar(32) NOT NULL DEFAULT '' COMMENT '管理员令牌',
  `admin_status` int(3) NOT NULL DEFAULT '0' COMMENT '0为启用，1为禁用，2为异常',
  `admin_ip` varchar(15) NOT NULL DEFAULT '0.0.0.0' COMMENT '登录ip',
  `admin_address` varchar(100) NOT NULL DEFAULT '' COMMENT 'IP地址',
  `create_time` timestamp NOT NULL DEFAULT CURRENT_TIMESTAMP COMMENT '创建时间',
  `update_time` timestamp NOT NULL DEFAULT CURRENT_TIMESTAMP ON UPDATE CURRENT_TIMESTAMP COMMENT '更新时间',
  `admin_group` int(11) DEFAULT '0' COMMENT '所在权限组',
  PRIMARY KEY (`id`),
  UNIQUE KEY `onlyname` (`admin_name`),
  KEY `admin_email` (`admin_email`)
) ENGINE=InnoDB DEFAULT CHARSET=utf8;

LOCK TABLES `admin` WRITE;
/*!40000 ALTER TABLE `admin` DISABLE KEYS */;

INSERT INTO `admin` (`id`, `admin_name`, `admin_email`, `admin_password`, `admin_token`, `admin_status`, `admin_ip`, `admin_address`, `create_time`, `update_time`, `admin_group`)
VALUES
	(10000,'heibai','2388399752@qq.com','4QrcOUm6Wau+VuBX8g+IPg==','GP9tteIN9laTIx7NS0BgOw==',0,'0:0:0:0:0:0:0:1','未知','2017-07-26 23:45:17','2017-09-02 00:31:11',0),
	(10001,'lhr','12348324324@qq.com','4QrcOUm6Wau+VuBX8g+IPg==','',0,'175.188.159.139','河南省-郑州市','2017-08-23 16:37:05','2017-09-01 15:20:17',0),
	(10002,'zzlhr','1062536903@qq.com','4QrcOUm6Wau+VuBX8g+IPg==','',0,'0.0.0.0','','2017-08-23 16:40:31','2017-09-01 15:20:20',0),
	(10003,'test','test@qq.com','4QrcOUm6Wau+VuBX8g+IPg==','',0,'175.188.159.139','河南省-郑州市','2017-08-25 17:10:41','2017-09-01 15:20:21',0),
	(10004,'test_lhr','test_lhr@qq.com','wzNncBURtPYCDsYd7TUgWQ==','',0,'175.188.159.139','河南省-郑州市','2017-08-25 17:13:15','2017-09-01 15:20:21',0),
	(10005,'test_lhr1','test_lhr1@qq.com','4QrcOUm6Wau+VuBX8g+IPg==','',0,'175.188.159.139','河南省-郑州市','2017-08-25 17:14:25','2017-09-01 15:20:22',0),
	(10006,'test_lhr2','test_lhr2@qq.com','4QrcOUm6Wau+VuBX8g+IPg==','',0,'','未知','2017-08-25 17:51:59','2017-09-01 15:20:22',0),
	(10007,'test_lhr22','test_lhr22@qq.com','4QrcOUm6Wau+VuBX8g+IPg==','',0,'','未知','2017-08-25 17:53:01','2017-09-01 15:20:23',0),
	(10008,'test_lhr21','test_lhr21@qq.com','4QrcOUm6Wau+VuBX8g+IPg==','',0,'','未知','2017-08-25 18:01:35','2017-09-01 15:20:24',0),
	(10009,'test_lhr23','test_lhr23@qq.com','/OqSD3QStdp74M9CuMk3WQ==','',0,'192.168.0.66','-内网IP','2017-08-25 18:05:52','2017-09-01 15:20:25',0),
	(10010,'test_lhr24','test_lhr24@qq.com','/OqSD3QStdp74M9CuMk3WQ==','',0,'192.168.0.66','-内网IP','2017-08-25 18:05:52','2017-09-01 15:20:25',0),
	(10012,'test_lhr25','test_lhr25@qq.com','/OqSD3QStdp74M9CuMk3WQ==','',0,'192.168.0.66','-内网IP','2017-08-25 18:05:52','2017-09-01 15:20:26',0),
	(10013,'test_lhr26','test_lhr26@qq.com','/OqSD3QStdp74M9CuMk3WQ==','',0,'192.168.0.66','-内网IP','2017-08-25 18:05:52','2017-09-01 15:20:27',0),
	(10014,'admin','2388399752@qq.com','4QrcOUm6Wau+VuBX8g+IPg==','1QmGezMXGByY4h6wD5BESg==',0,'0:0:0:0:0:0:0:1','未知','2017-08-30 16:59:31','2017-10-15 01:52:42',1),
	(10016,'test_lhr27','test_lhr27@qq.com','/OqSD3QStdp74M9CuMk3WQ==','',0,'192.168.0.66','-内网IP','2017-08-25 18:05:52','2017-09-01 15:20:28',0),
	(10017,'test_lhr28','test_lhr28@qq.com','/OqSD3QStdp74M9CuMk3WQ==','',0,'192.168.0.66','-内网IP','2017-08-25 18:05:52','2017-09-01 15:20:28',0),
	(10018,'test_lhr29','test_lhr29@qq.com','/OqSD3QStdp74M9CuMk3WQ==','',0,'192.168.0.66','-内网IP','2017-08-25 18:05:52','2017-09-01 15:20:43',0);

/*!40000 ALTER TABLE `admin` ENABLE KEYS */;
UNLOCK TABLES;


# Dump of table admin_group
# ------------------------------------------------------------

DROP TABLE IF EXISTS `admin_group`;

CREATE TABLE `admin_group` (
  `id` int(11) unsigned NOT NULL AUTO_INCREMENT,
  `group_name` varchar(11) COLLATE utf8_bin NOT NULL DEFAULT '' COMMENT '权限组',
  `group_status` int(1) DEFAULT NULL COMMENT '权限组状态,0为启用，1为禁用',
  `create_time` datetime DEFAULT CURRENT_TIMESTAMP COMMENT '创建时间',
  `update_time` datetime DEFAULT CURRENT_TIMESTAMP ON UPDATE CURRENT_TIMESTAMP COMMENT '修改时间',
  PRIMARY KEY (`id`)
) ENGINE=InnoDB DEFAULT CHARSET=utf8 COLLATE=utf8_bin;

LOCK TABLES `admin_group` WRITE;
/*!40000 ALTER TABLE `admin_group` DISABLE KEYS */;

INSERT INTO `admin_group` (`id`, `group_name`, `group_status`, `create_time`, `update_time`)
VALUES
	(1,X'E8B685E7BAA7E7AEA1E79086E59198',0,'2017-09-01 23:22:51','2017-09-01 23:23:07'),
	(2,X'74657374',1,'2017-09-02 00:08:31','2017-09-02 00:08:31');

/*!40000 ALTER TABLE `admin_group` ENABLE KEYS */;
UNLOCK TABLES;


# Dump of table admin_groupinfo
# ------------------------------------------------------------

DROP TABLE IF EXISTS `admin_groupinfo`;

CREATE TABLE `admin_groupinfo` (
  `id` int(11) unsigned NOT NULL AUTO_INCREMENT,
  `group_id` int(11) NOT NULL DEFAULT '0' COMMENT '权限组id',
  `auth_model_id` int(11) NOT NULL DEFAULT '0' COMMENT '菜单id',
  `group_value` int(11) NOT NULL DEFAULT '0' COMMENT '权限值',
  `create_time` datetime DEFAULT CURRENT_TIMESTAMP COMMENT '创建时间',
  `update_time` datetime DEFAULT CURRENT_TIMESTAMP ON UPDATE CURRENT_TIMESTAMP COMMENT '修改时间',
  PRIMARY KEY (`id`)
) ENGINE=InnoDB DEFAULT CHARSET=utf8 COLLATE=utf8_bin;

LOCK TABLES `admin_groupinfo` WRITE;
/*!40000 ALTER TABLE `admin_groupinfo` DISABLE KEYS */;

INSERT INTO `admin_groupinfo` (`id`, `group_id`, `auth_model_id`, `group_value`, `create_time`, `update_time`)
VALUES
	(1,1,1,127,'2017-09-01 23:21:15','2017-10-10 11:54:55'),
	(2,1,2,15,'2017-10-10 11:27:03','2017-10-10 11:54:57'),
	(3,1,3,15,'2017-10-10 11:27:03','2017-10-10 11:54:58'),
	(4,1,4,15,'2017-10-10 11:27:03','2017-10-10 11:54:59'),
	(5,1,5,15,'2017-10-10 11:27:03','2017-10-10 11:55:00'),
	(6,1,6,7,'2017-10-10 11:27:03','2017-10-10 11:55:14'),
	(7,1,7,15,'2017-10-10 11:27:03','2017-10-10 11:55:59'),
	(8,1,8,3,'2017-10-10 11:27:03','2017-10-10 11:56:00'),
	(9,1,9,15,'2017-10-10 11:27:03','2017-10-10 11:56:03'),
	(10,1,10,6,'2017-10-10 11:27:03','2017-10-15 01:59:03');

/*!40000 ALTER TABLE `admin_groupinfo` ENABLE KEYS */;
UNLOCK TABLES;


# Dump of table article
# ------------------------------------------------------------

DROP TABLE IF EXISTS `article`;

CREATE TABLE `article` (
  `id` int(11) unsigned NOT NULL AUTO_INCREMENT,
  `article_title` varchar(200) NOT NULL DEFAULT '' COMMENT '文章标题',
  `article_text` text CHARACTER SET utf8mb4 COLLATE utf8mb4_bin NOT NULL COMMENT '文章内容',
  `article_admin` varchar(20) DEFAULT '' COMMENT '添加人',
  `admin_group` int(11) DEFAULT '0' COMMENT '权限组',
  `article_picture` varchar(255) DEFAULT 'article.png' COMMENT '文章图片地址',
  `article_keyword` varchar(1000) DEFAULT '' COMMENT '文章关键字',
  `article_describe` varchar(255) DEFAULT '该作者很懒，未填写描述' COMMENT '文章描述',
  `article_click` int(11) unsigned DEFAULT '0' COMMENT '点击量',
  `article_praise` int(11) DEFAULT '0' COMMENT '点赞数',
  `article_class` varchar(20) DEFAULT '未分类' COMMENT '文章分类',
  `article_commend` int(2) DEFAULT '0' COMMENT '是否推荐：0.不推荐，1.推荐到首页，2为推荐到右侧列表',
  `article_status` int(3) NOT NULL DEFAULT '0' COMMENT '状态，0为显示，1为隐藏，3为删除',
  `create_time` timestamp NOT NULL DEFAULT CURRENT_TIMESTAMP COMMENT '发布时间',
  `update_time` timestamp NULL DEFAULT CURRENT_TIMESTAMP ON UPDATE CURRENT_TIMESTAMP COMMENT '更新时间',
  PRIMARY KEY (`id`),
  UNIQUE KEY `title` (`article_title`)
) ENGINE=InnoDB DEFAULT CHARSET=utf8;

LOCK TABLES `article` WRITE;
/*!40000 ALTER TABLE `article` DISABLE KEYS */;

INSERT INTO `article` (`id`, `article_title`, `article_text`, `article_admin`, `admin_group`, `article_picture`, `article_keyword`, `article_describe`, `article_click`, `article_praise`, `article_class`, `article_commend`, `article_status`, `create_time`, `update_time`)
VALUES
	(17,'关于博客',X'3C696D67207372633D222E2E2F61727469636C65496D6167652F313530373730393438303738313436332E706E672220616C743D22313530373730393438303738313436332E706E67223E','admin',NULL,NULL,'博客,黑白,heibai,黑白的博客','作为一个web程序员，注重自己的知识积累是很重要的，博客便是一个很好的途径。',1,0,'未分类',1,0,'2017-03-29 23:57:20','2017-10-11 16:29:54'),
	(18,'公告1',X'C2A0C2A0E68F90E4BAA4C2A0C2A0','admin',NULL,'http://localhost:3000/img/8221827218045679.png','留言板,公告,黑白,heibai,黑白的博客','                    关于留言板使用公告\n                ',112,18,'未分类',1,1,'2017-03-29 23:57:20','2017-09-15 09:43:03'),
	(19,'更新记录',X'3C703EE69CACE6ACA1E69BB4E696B0E99288E5AFB9E69687E7ABA0E7B3BBE7BB9FE8BF9BE8A18CE4BA86E5A4A7E8A784E6A8A1E79A84E694B9E58AA8EFBC8CE6B7BBE58AA0E8AF84E8AEBAE58A9FE883BDE5928CE88EB7E58F96E8AF84E8AEBAEFBC8CE4BBA5E58F8AE69687E7ABA0E79A84E68E92E5BA8FE696B9E5BC8FE8BF9BE8A18CE4BFAEE694B9EFBC8CE694B9E4B8BAE58092E58F99EFBC8CE4BBA5E5898DE698AFE6ADA3E5BA8FEFBC8CE4BB8AE5A4A9E5A4AAE6999AE4BA86EFBC8CE6988EE5A4A9E8A681E4B88AE78FADEFBC8CE5B0B1E4B88DE7BBA7E7BBADE58699E4BA86EFBC8CE5A4A7E5AEB6E6999AE5AE89E380823C2F703E','admin',NULL,'http://myheibai.cn/img/1740912231332401.png','更新,黑白,heibai,blog,博客,黑白的博客','更新概括\n1.更新文章评论功能\n2.更新文章倒序排列',39,0,'未分类',1,1,'2017-03-30 00:58:59','2017-09-15 09:43:05'),
	(20,'JAVA web应用设置404 500页面方法',X'3C703E0A20202020E5BA9FE8AF9DE4B88DE5A49AE8AFB4E79BB4E68EA5E8B4B4E4BBA3E7A0810A3C2F703E0A3C2F703E0A3C707265207374796C653D226261636B67726F756E642D636F6C6F723A20726762283235352C203235352C20323535293B20666F6E742D66616D696C793A20436F6E736F6C61733B20666F6E742D73697A653A2031332E3570743B223E266C743B6572726F722D706167652667743B20202020266C743B6572726F722D636F64652667743B343034266C743B2F6572726F722D636F64652667743B20202020266C743B6C6F636174696F6E2667743B2F7374617469632F766965772F3430342E68746D6C266C743B2F6C6F636174696F6E2667743B266C743B2F6572726F722D706167652667743B266C743B6572726F722D706167652667743B20202020266C743B6572726F722D636F64652667743B353030266C743B2F6572726F722D636F64652667743B20202020266C743B6C6F636174696F6E2667743B2F7374617469632F766965772F3530302E68746D6C266C743B2F6C6F636174696F6E2667743B266C743B2F6572726F722D706167652667743B3C2F7072653E0A3C703E0AE99C80E8A681E59CA8776562617070E4B88BE5889BE5BBBA7374617469632F76696577E69687E4BBB6E5A4B9','admin',NULL,'http://myheibai.cn/img/17682673193894893.png','java,web,404,500','JAVA web应用设置404 500页面方法',71,0,'java',1,0,'2017-04-03 13:13:42','2017-10-11 11:48:59'),
	(21,'与 或 非 异或',X'3C703EE4B88EE68896E99D9EE5BC82E68896E8BF90E7AE97E983BDE99C80E8A681E8AEB2E6ACB2E8BF90E7AE97E79A84E580BCE8BDACE68DA2E4B8BAE4BA8CE8BF9BE588B6EFBC8C3C2F703E3C703EE4B8BEE4BE8BE5AD90E5B0B1E794A820313232EFBC8C313233E8BF99E4B8A4E4B8AAE695B0E380823C2F703E3C703EE8BDACE68DA2E4B8BA32E8BF9BE588B6E58886E588ABE698AF3A3C2F703E3C7020636C6173733D227031223E3C7370616E20636C6173733D227331223E3132323A313131313031303C2F7370616E3E3C2F703E3C7020636C6173733D227031223E3C7370616E20636C6173733D227331223E3132333A313131313031313C2F7370616E3E3C2F703E3C7020636C6173733D227031223EE68891E794A8E79A846D6163E887AAE5B8A6E79A843C7374726F6E673E707974686F6E3C2F7374726F6E673EE79A843C7374726F6E673E62696E28293C2F7374726F6E673EE587BDE695B0E8BF9BE8A18CE79A84E8BDACE68DA2E4BBA3E7A081E5A682E4B88B3C2F703E3C7072653E3C703E2667743B2667743B2667743B2062696E28313232293B3C2F703E3C703E262333393B306231313131303130262333393B3C2F703E3C703E2667743B2667743B2667743B2062696E28313233293C2F703E3C703E262333393B306231313131303131262333393B3C2F703E3C2F7072653E3C703EE8BF99E9878CE5BE97E588B0E79A84E7BB93E69E9CE99C80E8A681E58EBBE68E89E2809C3062E2809D3C2F703E3C703EE588B0E8BF99E9878CE58786E5A487E5B7A5E4BD9CE5B0B1E5819AE5A5BDE4BA863C2F703E3C703EE4B88BE99DA2E5BC80E5A78BE8BF9BE585A5E4B8BBE9A2983C2F703E3C703E3C62722F3E3C2F703E3C703EE68891E680BBE7BB93E4BA86E4B880E4B88BE7AE80E8BFB0E4B880E4B88BE8BF99E587A0E4B8AAE8BF90E7AE97E68891E79A84E79086E8A7A33C2F703E3C703EE4B88E2826616D703B29EFBC9AE8BDACE68DA2E4B8BAE4BA8CE8BF9BE588B6E5908EE6AF94E8BE83E6AF8FE4B880E4B8AAE4BD8DE7BDAEE79A84E580BCEFBC8CE5BD93E5898DE4BD8DE7BDAEE79A84E580BCE983BDE4B8BA31E8AFA5E4BD8DE4B8BA3120E58F88E4B880E4B8AAE4B88DE4B8BA31E58899E4B8BA30EFBC9B3C2F703E3C703EE68896287C29EFBC9AE8BDACE68DA2E4B8BAE4BA8CE8BF9BE588B6E6AF94E8BE83E6AF8FE4B880E4B8AAE4BD8DE7BDAEE79A84E580BCEFBC8CE5BD93E5898DE4BD8DE7BDAEE79A84E580BCE69C89E4B880E4B8AAE4B8BA31E58899E4B8BA31EFBC8CE4B99FE5B0B1E698AFE8AFB4E999A4E99D9EE69F90E4B880E4BD8DE79A84E580BCE983BDE4B8BA30EFBC8CE590A6E58899E8AFA5E4BD8DE4B8BA31EFBC9B3C2F703E3C703EE99D9E28EFBD9E29EFBC9AE8BDACE68DA2E4B8BAE4BA8CE8BF9BE588B6EFBC8CE68A8AE68980E69C89E79A8430E58F98E4B8BA31EFBC8C31E58F98E4B8BA302E3C2F703E3C703EE5BC82E68896283C7370616E207374796C653D22636F6C6F723A207267622835342C2034362C203433293B20666F6E742D66616D696C793A20417269616C3B20666F6E742D73697A653A20313470783B206261636B67726F756E642D636F6C6F723A20726762283235352C203235352C20323535293B223E5E3C2F7370616E3E29EFBC9AE8BDACE68DA2E4B8BAE4BA8CE8BF9BE588B6EFBC8CE6AF94E8BE83E6AF8FE4B880E4BD8DE79A84E580BCEFBC8CE79BB8E5908CE4B8BA30EFBC8CE4B88DE5908CE4B8BA312E3C2F703E3C703E3C62722F3E3C2F703E3C703EE8BF99E6A0B7E680BBE7BB93E5BA94E8AFA5E5A4A7E5AEB6E983BDE883BDE79C8BE68782E4BA86E68A8A3C2F703E3C703EE4B88BE99DA2E79C8BE4B880E4B88BE5AE9EE99985E7BB93E69E9C3C2F703E3C7020636C6173733D227031223E3C7370616E20636C6173733D227331223E31323226616D703B313233203D3D2667743B266E6273703B3C2F7370616E3E3132323C2F703E3C7020636C6173733D227031223E3C7370616E20636C6173733D227331223E3C2F7370616E3E3132327C31323320266E6273703B3D3D2667743B20266E6273703B3132333C2F703E3C7020636C6173733D227031223E7E313232203D3D2667743B202D3132333C2F703E3C7020636C6173733D227031223E7E313233203D3D2667743B202D3132343C2F703E3C703E3132325E313233203D3D2667743B20313C2F703E3C703EE5A4A7E5AEB6E58FAFE4BBA5E4BAB2E887AAE8AF95E4B880E4B88BE380823C2F703E3C703E3C62722F3E3C2F703E3C703E3C696D67207372633D222F696D672F75656469746F722F3835313330353931333238383632363137362E706E6722207469746C653D222220616C743D2239434331333936382D443130372D343341432D423930332D4536313032373641363532322E706E67222F3E3C2F703E3C703E3C62722F3E3C2F703E','admin',NULL,'http://myheibai.cn/img/6663555773025447.png','','逻辑运算与或非异或运算解析',87,0,'java',2,0,'2017-04-10 13:29:10','2017-09-16 07:29:47'),
	(22,'mybaits爬坑总结之编码',X'3C703EE69C80E6999AE4BDBFE794A86D796261697473E8BF9BE8A18CE6A8A1E7B38AE69FA5E8AFA2E697B6EFBC8CE6988EE6988EE69C89E695B0E68DAEE58DB4E4B88DE698BEE7A4BAEFBC8CE5908EE7BBADE69FA5E4BA86E4B880E5A4A7E4B8A2E8B584E69699E983BDE59CA8E8AFB4E8AEBEE7BDAEE4B880E4B8AA726571756C744D6170E38082E7BB93E69E9CE8AEBEE7BDAEE5BE88E5A49AE4B8AAE983BDE4B88DE8A18CEFBC8CE5AFBCE887B4E698A8E6999AE68A98E885BEE588B031E782B9E8BF98E6B2A1E79DA1EFBC8CE4BB8AE5A4A9E6999AE4B88AE5B0B1E5889AE5889AE8B79FE4BA86E58D8AE5A4A96465627567EFBC8CE69C80E5908EE683B3E588B0E4BA86E8B28CE4BCBCE7BC96E7A081E6B2A1E69C89E8AEBEE7BDAEEFBC8CE7BB93E69E9CE8AEBEE7BDAEE4B880E4B88BE7BC96E7A081EFBC8CE5938EE591A6E8BF98E79C9FE79A84E5A5BDE4BA86EFBC8CE5938EEFBC8CE4BABAE7949FE5A682E6888FE5958AE380823C2F703E3C703EE680BBE7BB93E4B880E4B88BEFBC9AE4B880E5AE9AE8A681E8AEBEE7BDAEE7BC96E7A081E5958A3C2F703E3C707265207374796C653D226261636B67726F756E642D636F6C6F723A20726762283235352C203235352C20323535293B20666F6E742D66616D696C793A20436F6E736F6C61733B20666F6E742D73697A653A2031332E3570743B223E3C7370616E207374796C653D226261636B67726F756E642D636F6C6F723A236566656665663B223E266C743B3C2F7370616E3E3C7370616E207374796C653D22636F6C6F723A233030303038303B6261636B67726F756E642D636F6C6F723A236566656665663B666F6E742D7765696768743A626F6C643B223E70726F7065727479203C2F7370616E3E3C7370616E207374796C653D22636F6C6F723A233030303066663B6261636B67726F756E642D636F6C6F723A236566656665663B666F6E742D7765696768743A626F6C643B223E6E616D653C2F7370616E3E3C7370616E207374796C653D22636F6C6F723A233030383030303B6261636B67726F756E642D636F6C6F723A236566656665663B666F6E742D7765696768743A626F6C643B223E3D2671756F743B75726C2671756F743B203C2F7370616E3E3C7370616E207374796C653D22636F6C6F723A233030303066663B6261636B67726F756E642D636F6C6F723A236566656665663B666F6E742D7765696768743A626F6C643B223E76616C75653C2F7370616E3E3C7370616E207374796C653D22636F6C6F723A233030383030303B6261636B67726F756E642D636F6C6F723A236566656665663B666F6E742D7765696768743A626F6C643B223E3D2671756F743B6A6462633A6D7973716C3A2F2F3131342E3231352E34322E37363A333330362F626C6F673F757365556E69636F64653D747275653C2F7370616E3E3C7370616E207374796C653D22636F6C6F723A233030303066663B666F6E742D7765696768743A626F6C643B223E26616D703B616D703B3C2F7370616E3E3C7370616E207374796C653D22636F6C6F723A233030383030303B6261636B67726F756E642D636F6C6F723A236566656665663B666F6E742D7765696768743A626F6C643B223E636861726163746572456E636F64696E673D5554462D382671756F743B203C2F7370616E3E3C7370616E207374796C653D226261636B67726F756E642D636F6C6F723A236566656665663B223E2F2667743B3C2F7370616E3E3C2F7072653E3C703E3C62722F3E3C2F703E3C703EE8BF99E9878CE6B3A8E6848FE4B880E4B88BE5B0B1E698AF26616D703BE99C80E8A681E794A826616D703B616D70E69DA5E8A1A8E7A4BAE38082E590A6E58899E697A0E6B395E9809AE8BF87E7BC96E8AF91E79A84E380823C62722F3E3C2F703E3C703E3C62722F3E3C2F703E','admin',NULL,'http://myheibai.cn/img/6349184637409739.jpg','','最近在整合springboot和mybatis，昨晚一个like查询，增么也查不到数据。后来才发现问题的所在。',20,0,'java',2,0,'2017-04-20 19:57:22','2017-09-16 14:02:40'),
	(28,'新版本博客系统正在开发中',X'3C703E3C696D67207372633D222F696D672F75656469746F722F3836333738353935313835303237303732302E706E6722207374796C653D22222F3E3C2F703E3C703E3C696D67207372633D222F696D672F75656469746F722F3836333738353935313837393633303834382E706E6722207374796C653D22222F3E3C2F703E3C703E3C696D67207372633D222F696D672F75656469746F722F3836333738353935313932393936323439362E706E6722207374796C653D22222F3E3C2F703E3C703EE5A4A7E887B4E5B0B1E698AFE8BF99E4B8AAE5B883E5B1802CE6ADA3E59CA8E5BC80E58F91E4B8AD2CE5BC80E6BA90E59CB0E59D803A68747470733A2F2F6769742E6F736368696E612E6E65742F7478726A2F626C6F6720266E6273703B20266E6273703B3C2F703E','admin',NULL,'http://myheibai.cn/img/8568359380380217.png','新系统,博客,java','新系统,博客,java',25,1,'未分类',2,1,'2017-05-15 00:18:08','2017-09-15 09:43:09'),
	(29,'redis安装和基本操作',X'3C68333E3C623EE4BDBFE794A8486F6D6562726577E5AE89E8A3853C2F623E3C2F68333E3C6469763E3C623E3C62723E3C2F623E3C2F6469763E3C6469763E3C7072653E3C636F64653E6272657720696E7374616C6C2072656469733C2F636F64653E3C2F7072653E3C7072653E3C636F64653E5570646174696E6720486F6D65627265772E2E2E0D0A3D3D2667743B20446F776E6C6F6164696E672068747470733A2F2F686F6D65627265772E62696E747261792E636F6D2F626F74746C65732F72656469732D342E302E312E7369657272612E626F74746C652E740D0A232323232323232323232323232323232323232323232323232323232323232323232323232323232323232323232323232323232323232323232323232323232323232323232323203130302E30250D0A3D3D2667743B20506F7572696E672072656469732D342E302E312E7369657272612E626F74746C652E7461722E677A0D0A3D3D2667743B20436176656174730D0A546F2068617665206C61756E636864207374617274207265646973206E6F7720616E642072657374617274206174206C6F67696E3A0D0A2020627265772073657276696365732073746172742072656469730D0A4F722C20696620796F7520646F6E27742077616E742F6E6565642061206261636B67726F756E64207365727669636520796F752063616E206A7573742072756E3A0D0A202072656469732D736572766572202F7573722F6C6F63616C2F6574632F72656469732E636F6E660D0A3D3D2667743B2053756D6D6172790D0A20202F7573722F6C6F63616C2F43656C6C61722F72656469732F342E302E313A2031332066696C65732C20322E384D423C2F636F64653E3C2F7072653E3C703E3C7370616E207374796C653D226261636B67726F756E642D636F6C6F723A20726762283233382C203233362C20323234293B223E3C666F6E7420636F6C6F723D2223633234663461223EE5BC80E69CBAE590AFE58AA87265646973E591BDE4BBA43C2F666F6E743E3C2F7370616E3E3C2F703E3C7072653E3C636F64653E6C687264654D6163426F6F6B2D50726F3A7265646973206C687224206C6E202D736676202F7573722F6C6F63616C2F6F70742F72656469732F2A2E706C697374207E2F4C6962726172792F4C61756E63684167656E74730D0A0D0A2F55736572732F6C68722F4C6962726172792F4C61756E63684167656E74732F686F6D65627265772E6D78636C2E72656469732E706C697374202D2667743B202F7573722F6C6F63616C2F6F70742F72656469732F686F6D65627265772E6D78636C2E72656469732E706C6973743C2F636F64653E3C2F7072653E3C703E3C62723E3C2F703E3C703EE4BDBFE794A83C7370616E207374796C653D226C65747465722D73706163696E673A20302E3170783B223E6C61756E636863746CE590AFE58AA83C2F7370616E3E3C2F703E3C7072653E3C636F64653E6C687264654D6163426F6F6B2D50726F3A7265646973206C687224206C61756E636863746C206C6F6164207E2F4C6962726172792F4C61756E63684167656E74732F686F6D65627265772E6D78636C2E72656469732E706C6973743C2F636F64653E3C2F7072653E3C703EE5819CE6ADA23C2F703E3C7072653E3C636F64653E6C687264654D6163426F6F6B2D50726F3A7265646973206C687224206C61756E636863746C20756E6C6F6164207E2F4C6962726172792F4C61756E63684167656E74732F686F6D65627265772E6D78636C2E72656469732E706C6973743C2F636F64653E3C2F7072653E3C703EE6B58BE8AF95E698AFE590A6E590AFE58AA83C2F703E3C7072653E3C636F64653E6C687264654D6163426F6F6B2D50726F3A7265646973206C687224202072656469732D636C692070696E670D0A0D0A436F756C64206E6F7420636F6E6E65637420746F205265646973206174203132372E302E302E313A363337393A20436F6E6E656374696F6E20726566757365643C2F636F64653E3C2F7072653E3C703E3C62723E3C2F703E3C703E266E6273703B3C2F703E3C2F6469763E0A0A','admin',0,'article.png','mac,redis,缓存,brew,Homebrew,服务,数据库','在mac上安装redis，和redis的基本配置',14,0,'DB',1,0,'2017-09-15 09:34:17','2017-10-11 17:45:56'),
	(30,'测试测试',X'3C696D67207372633D222E2E2F61727469636C65496D6167652F313530373639333331373830323832302E6A7065672220616C743D22313530373639333331373830323832302E6A706567223EE698AFE59392E698AFE59392','admin',0,NULL,'测试','测试测试发表文章',3,0,'未分类',0,0,'2017-10-11 11:42:00','2017-10-11 14:14:02'),
	(31,'韩少华',X'3C696D67207372633D222E2E2F61727469636C65496D6167652F313530373639333833353731303132362E6A7065672220616C743D22313530373639333833353731303132362E6A706567223EE890A8E8BEBEE698AFE59392E698AFE59392E69292','admin',0,NULL,'韩少华,xiaohua,滑稽','韩少华,xiaohua,滑稽',0,0,'未分类',2,1,'2017-10-11 11:50:38','2017-10-11 16:28:18'),
	(33,'测试pppp',X'6363617364617364617364','admin',0,NULL,'测试,博客','asddd',14,0,'Java',1,0,'2017-10-11 15:30:41','2017-10-11 17:45:53'),
	(34,'正在努力搭建后台',X'3C703E3C623EE69CACE58D9AE5AEA2E7B3BBE7BB9FE695B4E5A597E5BC80E6BA90EFBC8CE5A682E69E9CE69C89E585B4E8B6A3E58FAFE4BBA5E58EBB3C61207461726765743D225F626C616E6B2220687265663D2268747470733A2F2F6769746875622E636F6D2F7A7A6C68722F6D79626C6F67223E4769744875623C2F613EE4B88AE69DA5E4BA92E79BB8E4BAA4E6B581EFBC883C693EE69A82E69CAAE585A8E983A8E5AE8CE68890EFBC8CE8AFB7E79599E6848FE69BB4E696B03C2F693EEFBC89E380823C2F623E3C2F703E3C70207374796C653D22746578742D616C69676E3A206C6566743B223E3C623EE5A682E99C80E88194E7B3BBE68891EFBC8CE8AFB7E58AA07171EFBC9A323338383339393735323C2F623E3C2F703E3C703E3C623E3C62723E3C2F623E3C2F703E3C703E3C623E3C696D67207372633D222E2E2F61727469636C65496D6167652F313530373731333134373430343337312E706E672220616C743D22313530373731333134373430343337312E706E67223E3C62723E3C2F623E3C2F703E3C703E3C623E3C62723E3C2F623E3C2F703E3C703E3C623E3C696D67207372633D222E2E2F61727469636C65496D6167652F313530373731333135383531303134342E706E672220616C743D22313530373731333135383531303134342E706E67223E3C62723E3C2F623E3C2F703E3C703E3C623E3C62723E3C2F623E3C2F703E','admin',0,NULL,'blog,heibai,黑白的小站,黑白的博客,新版博客,java后台,后台管理系统,redis','本次更新主要对与后台管理系统进行重构，使用layui作为主要ui框架，权限系统优化，加入redis缓存机制。',2,0,'博客',1,0,'2017-10-11 17:12:43','2017-10-11 17:45:36');

/*!40000 ALTER TABLE `article` ENABLE KEYS */;
UNLOCK TABLES;


# Dump of table article_class
# ------------------------------------------------------------

DROP TABLE IF EXISTS `article_class`;

CREATE TABLE `article_class` (
  `id` int(11) unsigned NOT NULL AUTO_INCREMENT,
  `class_name` varchar(20) DEFAULT '' COMMENT '分类名称',
  `class_grade` int(1) DEFAULT '0' COMMENT '等级',
  `class_fid` int(11) DEFAULT '0' COMMENT '父id',
  `class_status` int(1) DEFAULT '0' COMMENT '状态0为启用，1为禁用',
  `create_time` datetime DEFAULT CURRENT_TIMESTAMP,
  `update_time` datetime DEFAULT CURRENT_TIMESTAMP ON UPDATE CURRENT_TIMESTAMP,
  PRIMARY KEY (`id`)
) ENGINE=InnoDB DEFAULT CHARSET=utf8;

LOCK TABLES `article_class` WRITE;
/*!40000 ALTER TABLE `article_class` DISABLE KEYS */;

INSERT INTO `article_class` (`id`, `class_name`, `class_grade`, `class_fid`, `class_status`, `create_time`, `update_time`)
VALUES
	(1,'未分类',0,0,0,NULL,'2017-08-17 22:09:17'),
	(1000,'Java',0,0,0,NULL,'2017-08-17 22:09:17'),
	(1001,'web前端',0,0,0,NULL,'2017-08-17 22:09:17'),
	(1002,'服务器/运维',0,0,0,NULL,'2017-08-17 22:09:17'),
	(1003,'数据库',0,0,0,NULL,'2017-08-17 22:09:17');

/*!40000 ALTER TABLE `article_class` ENABLE KEYS */;
UNLOCK TABLES;


# Dump of table article_comment
# ------------------------------------------------------------

DROP TABLE IF EXISTS `article_comment`;

CREATE TABLE `article_comment` (
  `id` int(11) unsigned NOT NULL AUTO_INCREMENT,
  `article_id` int(11) NOT NULL COMMENT '文章id',
  `comment_email` varchar(255) DEFAULT '' COMMENT '评论者邮箱',
  `comment_name` varchar(50) DEFAULT '匿名' COMMENT '评论人',
  `comment_text` text COMMENT '评论消息',
  `comment_ip` varchar(15) DEFAULT '' COMMENT 'ip',
  `comment_status` int(2) DEFAULT '0' COMMENT '0为启用，1为删除',
  `create_time` timestamp NOT NULL DEFAULT CURRENT_TIMESTAMP COMMENT '发布评论时间',
  PRIMARY KEY (`id`)
) ENGINE=InnoDB DEFAULT CHARSET=utf8;

LOCK TABLES `article_comment` WRITE;
/*!40000 ALTER TABLE `article_comment` DISABLE KEYS */;

INSERT INTO `article_comment` (`id`, `article_id`, `comment_email`, `comment_name`, `comment_text`, `comment_ip`, `comment_status`, `create_time`)
VALUES
	(3,18,'test','黑白','哈哈哈','127.0.0.1',0,'2017-04-23 15:27:45'),
	(6,18,'test','黑白','哈哈哈','127.0.0.1',0,'2017-04-23 15:27:45'),
	(7,18,'测试','黑白','哈哈哈','127.0.0.1',0,'2017-04-23 15:27:45'),
	(8,19,'millent@126.com','小华','哈哈哈','127.0.0.1',0,'2017-04-23 15:27:45'),
	(12,18,'110','岑','哈哈哈哈\n','122.157.42.140',0,'2017-05-16 17:55:15'),
	(13,18,'23','测试','<p>测试</p>','127.0.0.1',0,'2017-05-16 21:44:24'),
	(14,18,'2388399752@qq.com','黑白','<p><b style=\"background-color: rgb(255, 0, 255);\">测试发表评论</b></p><p><br></p>','127.0.0.1',0,'2017-05-16 21:46:01'),
	(15,18,'2388399752@qq.com','黑白','<p><span style=\"background-color: rgb(255, 0, 0);\">测试</span></p><p><br></p>','127.0.0.1',0,'2017-05-16 21:47:13'),
	(16,18,'2388399752@qq.com','黑白','<p><span style=\"background-color: rgb(128, 0, 128);\">测试啊</span></p><p><br></p>','127.0.0.1',0,'2017-05-16 21:47:52'),
	(17,18,'2388399752@qq.com','黑白','<p>测试发表评论</p>','127.0.0.1',0,'2017-05-16 21:50:10'),
	(18,18,'2388399752','测试','<p>测试</p>','127.0.0.1',0,'2017-05-16 21:55:19'),
	(19,18,'2388399752','测试','<p>123456</p>','127.0.0.1',0,'2017-05-16 22:02:44'),
	(20,18,'测试','测试','<p>测试</p>','127.0.0.1',0,'2017-05-16 22:03:30'),
	(21,18,'测试','测试','<p>测试</p>','127.0.0.1',0,'2017-05-16 22:03:59'),
	(22,18,'2388399752','测试','<p>测试</p>','127.0.0.1',0,'2017-05-16 22:06:46'),
	(23,18,'测试','测试','<p>测试</p>','127.0.0.1',0,'2017-05-16 22:07:11');

/*!40000 ALTER TABLE `article_comment` ENABLE KEYS */;
UNLOCK TABLES;


# Dump of table auth_model
# ------------------------------------------------------------

DROP TABLE IF EXISTS `auth_model`;

CREATE TABLE `auth_model` (
  `id` int(11) unsigned NOT NULL AUTO_INCREMENT,
  `model_name` varchar(20) DEFAULT '' COMMENT '模块名',
  `model_status` int(1) DEFAULT '0' COMMENT '模块状态，0为禁用，1为启用',
  `model_site` int(5) DEFAULT '0' COMMENT '位置',
  `create_time` datetime DEFAULT CURRENT_TIMESTAMP,
  `update_time` datetime DEFAULT CURRENT_TIMESTAMP ON UPDATE CURRENT_TIMESTAMP,
  PRIMARY KEY (`id`)
) ENGINE=InnoDB DEFAULT CHARSET=utf8mb4;

LOCK TABLES `auth_model` WRITE;
/*!40000 ALTER TABLE `auth_model` DISABLE KEYS */;

INSERT INTO `auth_model` (`id`, `model_name`, `model_status`, `model_site`, `create_time`, `update_time`)
VALUES
	(1,'管理员管理',1,0,'2017-09-19 22:43:11','2017-09-19 22:45:09'),
	(2,'用户组管理',1,1,'2017-09-19 22:45:39','2017-09-19 22:45:46'),
	(3,'文章管理',1,2,'2017-09-19 22:45:59','2017-09-19 22:45:59'),
	(4,'文章分类管理',1,3,'2017-09-19 22:46:15','2017-09-19 22:46:15'),
	(5,'文章评论管理',1,4,'2017-09-19 22:46:30','2017-09-19 22:46:30'),
	(6,'权限管理',1,5,'2017-09-19 22:47:16','2017-09-19 22:47:55'),
	(7,'友链管理',1,6,'2017-09-19 22:47:52','2017-09-19 22:48:12'),
	(8,'日志管理',1,7,'2017-09-19 22:48:21','2017-09-19 22:48:21'),
	(9,'留言管理',1,8,'2017-09-19 22:48:35','2017-09-19 22:48:35'),
	(10,'站点管理',1,9,'2017-09-19 22:48:56','2017-09-19 22:48:56');

/*!40000 ALTER TABLE `auth_model` ENABLE KEYS */;
UNLOCK TABLES;


# Dump of table auth_operate
# ------------------------------------------------------------

DROP TABLE IF EXISTS `auth_operate`;

CREATE TABLE `auth_operate` (
  `id` int(11) unsigned NOT NULL AUTO_INCREMENT,
  `operate_name` varchar(30) NOT NULL DEFAULT '' COMMENT '操作名称',
  `operate_model` int(11) NOT NULL DEFAULT '0' COMMENT '绑定模块',
  `operate_codename` varchar(30) NOT NULL DEFAULT '' COMMENT '程序中的名称',
  `operate_site` int(5) DEFAULT '0' COMMENT '位置',
  `operate_type` int(3) NOT NULL DEFAULT '0' COMMENT '0为操作不可见,1为显示菜单',
  PRIMARY KEY (`id`)
) ENGINE=InnoDB DEFAULT CHARSET=utf8mb4;

LOCK TABLES `auth_operate` WRITE;
/*!40000 ALTER TABLE `auth_operate` DISABLE KEYS */;

INSERT INTO `auth_operate` (`id`, `operate_name`, `operate_model`, `operate_codename`, `operate_site`, `operate_type`)
VALUES
	(1,'添加管理员',1,'addAdmin',0,0),
	(2,'修改管理员',1,'updateAdmin',1,0),
	(3,'修改个人信息',1,'updateAdminSelf',2,1),
	(4,'删除管理员',1,'delectAdmin',3,0),
	(5,'查看管理员',1,'findAdminList',4,1),
	(6,'登录',1,'loginIn',5,0),
	(7,'登出',1,'loginOut',6,0),
	(8,'查看用户组',2,'findGroupList',0,1),
	(9,'添加用户组',2,'addGroup',1,0),
	(10,'修改用户组',2,'updateGroup',2,0),
	(11,'删除用户组',2,'delectGroup',3,0),
	(12,'查看文章列表',3,'findArticleLst',0,1),
	(13,'添加文章',3,'addArticle',1,0),
	(14,'修改文章',3,'updateArticle',2,0),
	(15,'删除文章',3,'delectArticle',3,0),
	(16,'查看文章分类列表',4,'findArticleClassList',0,1),
	(17,'添加文章分类',4,'addArticleClass',1,0),
	(18,'修改文章分类',4,'updateArticleClass',2,0),
	(19,'删除文章分类',4,'delectArticleClass',3,0),
	(20,'查询文章评论列表',5,'findArticleCommentList',0,1),
	(21,'添加文章评论',5,'addArticleComment',1,0),
	(22,'修改文章评论',5,'updateArticleComment',2,0),
	(23,'删除文章评论',5,'delectArticleComment',3,0),
	(24,'查看权限',6,'findAuth',0,1),
	(25,'修改权限',6,'updateAuth',1,0),
	(26,'添加权限',6,'addAuth',2,0),
	(27,'查看友链列表',7,'findFriendLinkList',0,1),
	(29,'修改友链',7,'updateFriendLink',1,0),
	(30,'添加友链',7,'addFriendLink',2,0),
	(31,'删除友链',7,'delectFriendLink',3,0),
	(32,'查看日志',8,'findLogList',0,1),
	(33,'删除日志',8,'delectLog',1,0),
	(34,'查看留言',9,'findMessage',0,1),
	(35,'添加留言',9,'addMessage',1,0),
	(36,'修改留言',9,'updateMessage',2,0),
	(37,'删除留言',9,'delectMessage',3,0),
	(38,'修改站点信息',10,'updateSite',0,0),
	(39,'查看站点信息',10,'findSite',1,1),
	(40,'后台首页',10,'index',2,0);

/*!40000 ALTER TABLE `auth_operate` ENABLE KEYS */;
UNLOCK TABLES;


# Dump of table carousel
# ------------------------------------------------------------

DROP TABLE IF EXISTS `carousel`;

CREATE TABLE `carousel` (
  `id` int(11) unsigned NOT NULL AUTO_INCREMENT,
  `carousel_title` varchar(100) DEFAULT '轮播图' COMMENT '轮播图标题',
  `carousel_filename` varchar(500) DEFAULT 'carousel.png' COMMENT '轮播图文件名',
  `carousel_url` varchar(500) DEFAULT 'index.html' COMMENT '轮播图跳转地址',
  `carousel_describe` varchar(500) DEFAULT '轮播图描述' COMMENT '轮播图描述',
  `carousel_compositor` int(3) DEFAULT '1' COMMENT '轮播图排序',
  PRIMARY KEY (`id`)
) ENGINE=InnoDB DEFAULT CHARSET=utf8;



# Dump of table django_migrations
# ------------------------------------------------------------

DROP TABLE IF EXISTS `django_migrations`;

CREATE TABLE `django_migrations` (
  `id` int(11) NOT NULL AUTO_INCREMENT,
  `app` varchar(255) NOT NULL,
  `name` varchar(255) NOT NULL,
  `applied` datetime(6) NOT NULL,
  PRIMARY KEY (`id`)
) ENGINE=InnoDB DEFAULT CHARSET=utf8mb4;



# Dump of table friend_link
# ------------------------------------------------------------

DROP TABLE IF EXISTS `friend_link`;

CREATE TABLE `friend_link` (
  `id` int(11) unsigned NOT NULL AUTO_INCREMENT,
  `link_location` int(3) DEFAULT NULL COMMENT '位置',
  `link_value` varchar(50) COLLATE utf8_bin NOT NULL DEFAULT '' COMMENT '链接名称',
  `link_url` varchar(500) COLLATE utf8_bin NOT NULL DEFAULT '' COMMENT '链接地址',
  `create_admin` varchar(50) COLLATE utf8_bin DEFAULT '' COMMENT '添加管理员',
  `link_status` int(2) DEFAULT '0' COMMENT '状态，0为启用，1为禁用',
  `create_time` datetime DEFAULT CURRENT_TIMESTAMP COMMENT '添加时间',
  `update_time` datetime DEFAULT CURRENT_TIMESTAMP ON UPDATE CURRENT_TIMESTAMP COMMENT '更新时间',
  PRIMARY KEY (`id`)
) ENGINE=InnoDB DEFAULT CHARSET=utf8 COLLATE=utf8_bin;

LOCK TABLES `friend_link` WRITE;
/*!40000 ALTER TABLE `friend_link` DISABLE KEYS */;

INSERT INTO `friend_link` (`id`, `link_location`, `link_value`, `link_url`, `create_admin`, `link_status`, `create_time`, `update_time`)
VALUES
	(1,0,X'E4BA9AE5AD90',X'68747470733A2F2F7378797A2E626C6F672F',X'61646D696E',0,'2017-10-10 16:43:04','2017-10-10 16:43:44'),
	(2,1,X'E799BEE5BAA6',X'68747470733A2F2F7777772E62616964752E636F6D',X'61646D696E',0,'2017-10-11 17:36:00','2017-10-11 17:36:04'),
	(3,2,X'E998BFE9878CE4BA91',X'68747470733A2F2F7777772E616C6979756E2E636F6D2F',X'61646D696E',0,'2017-10-11 17:36:45','2017-10-11 17:36:45');

/*!40000 ALTER TABLE `friend_link` ENABLE KEYS */;
UNLOCK TABLES;


# Dump of table log
# ------------------------------------------------------------

DROP TABLE IF EXISTS `log`;

CREATE TABLE `log` (
  `id` int(11) unsigned NOT NULL AUTO_INCREMENT,
  `type` int(3) DEFAULT '1' COMMENT '1为异常，2为添加，3位修改，4位查询，5位删除，6为管理员登录',
  `value` varchar(255) DEFAULT '' COMMENT '操作内容',
  `time` timestamp NULL DEFAULT CURRENT_TIMESTAMP COMMENT '操作时间',
  `ip` varchar(20) DEFAULT '' COMMENT '操作ip',
  `address` varchar(100) DEFAULT '' COMMENT 'ip地址',
  `admin` varchar(20) DEFAULT '' COMMENT '操作管理员',
  `create_time` datetime DEFAULT CURRENT_TIMESTAMP COMMENT '创建时间',
  PRIMARY KEY (`id`)
) ENGINE=InnoDB DEFAULT CHARSET=utf8;

LOCK TABLES `log` WRITE;
/*!40000 ALTER TABLE `log` DISABLE KEYS */;

INSERT INTO `log` (`id`, `type`, `value`, `time`, `ip`, `address`, `admin`, `create_time`)
VALUES
	(1,0,'登录成功','2017-07-27 00:12:32','192.168.0.1',NULL,'admin','2017-08-17 22:12:34'),
	(2,0,'登录成功','2017-07-27 00:15:30','192.168.0.1',NULL,'admin','2017-08-17 22:12:34'),
	(3,0,'登录成功','2017-07-27 21:51:05','0:0:0:0:0:0:0:1',NULL,'admin','2017-08-17 22:12:34'),
	(4,0,'登录成功','2017-07-27 21:52:14','0:0:0:0:0:0:0:1',NULL,'admin','2017-08-17 22:12:34'),
	(5,0,'登录成功','2017-07-27 21:56:22','0:0:0:0:0:0:0:1',NULL,'admin','2017-08-17 22:12:34'),
	(6,0,'登录成功','2017-07-27 21:57:14','0:0:0:0:0:0:0:1',NULL,'admin','2017-08-17 22:12:34'),
	(7,1,'登录失败','2017-07-27 21:58:24','0:0:0:0:0:0:0:1',NULL,'11','2017-08-17 22:12:34'),
	(8,1,'登录失败','2017-07-27 21:58:30','0:0:0:0:0:0:0:1',NULL,'1112','2017-08-17 22:12:34'),
	(9,0,'登录成功','2017-07-27 21:58:39','0:0:0:0:0:0:0:1',NULL,'admin','2017-08-17 22:12:34'),
	(10,0,'登录成功','2017-07-27 22:11:16','0:0:0:0:0:0:0:1',NULL,'admin','2017-08-17 22:12:34'),
	(11,0,'登录成功','2017-07-27 22:25:43','0:0:0:0:0:0:0:1',NULL,'admin','2017-08-17 22:12:34'),
	(12,0,'登录成功','2017-07-27 22:30:56','0:0:0:0:0:0:0:1',NULL,'heibai','2017-08-17 22:12:34'),
	(13,0,'登录成功','2017-07-27 23:44:01','0:0:0:0:0:0:0:1',NULL,'heibai','2017-08-17 22:12:34'),
	(14,0,'登录成功','2017-07-28 00:00:21','0:0:0:0:0:0:0:1',NULL,'heibai','2017-08-17 22:12:34'),
	(15,0,'登录成功','2017-07-28 12:37:28','0:0:0:0:0:0:0:1',NULL,'heibai','2017-08-17 22:12:34'),
	(16,0,'登录成功','2017-07-28 12:38:01','0:0:0:0:0:0:0:1',NULL,'heibai','2017-08-17 22:12:34'),
	(17,0,'登录成功','2017-07-28 23:08:44','0:0:0:0:0:0:0:1',NULL,'heibai','2017-08-17 22:12:34'),
	(18,0,'登录成功','2017-07-29 09:57:21','0:0:0:0:0:0:0:1',NULL,'heibai','2017-08-17 22:12:34'),
	(19,0,'登录成功','2017-07-29 10:44:00','0:0:0:0:0:0:0:1',NULL,'heibai','2017-08-17 22:12:34'),
	(20,0,'登录成功','2017-07-29 14:28:39','0:0:0:0:0:0:0:1',NULL,'heibai','2017-08-17 22:12:34'),
	(21,0,'登录成功','2017-07-30 12:28:19','0:0:0:0:0:0:0:1',NULL,'heibai','2017-08-17 22:12:34'),
	(22,0,'登录成功','2017-07-30 15:00:21','0:0:0:0:0:0:0:1',NULL,'heibai','2017-08-17 22:12:34'),
	(23,0,'登录成功','2017-07-30 20:28:58','0:0:0:0:0:0:0:1',NULL,'heibai','2017-08-17 22:12:34'),
	(24,0,'登录成功','2017-07-30 22:22:54','0:0:0:0:0:0:0:1',NULL,'heibai','2017-08-17 22:12:34'),
	(25,0,'登录成功','2017-07-31 21:25:15','0:0:0:0:0:0:0:1',NULL,'heibai','2017-08-17 22:12:34'),
	(26,0,'登录成功','2017-08-01 19:58:21','0:0:0:0:0:0:0:1',NULL,'heibai','2017-08-17 22:12:34'),
	(27,1,'登录失败','2017-08-04 09:43:06','0:0:0:0:0:0:0:1',NULL,'2388399752@qq.com','2017-08-17 22:12:34'),
	(28,0,'登录成功','2017-08-04 09:43:25','0:0:0:0:0:0:0:1',NULL,'heibai','2017-08-17 22:12:34'),
	(29,0,'登录成功','2017-08-04 10:19:45','0:0:0:0:0:0:0:1',NULL,'heibai','2017-08-17 22:12:34'),
	(30,0,'登录成功','2017-08-04 12:04:17','0:0:0:0:0:0:0:1',NULL,'heibai','2017-08-17 22:12:34'),
	(31,0,'登录成功','2017-08-04 13:31:38','0:0:0:0:0:0:0:1',NULL,'heibai','2017-08-17 22:12:34');

/*!40000 ALTER TABLE `log` ENABLE KEYS */;
UNLOCK TABLES;


# Dump of table menu_do
# ------------------------------------------------------------

DROP TABLE IF EXISTS `menu_do`;

CREATE TABLE `menu_do` (
  `id` int(11) unsigned NOT NULL AUTO_INCREMENT,
  `menu_name` varchar(25) COLLATE utf8_bin NOT NULL DEFAULT '' COMMENT '菜单名称',
  `menu_group` int(11) NOT NULL DEFAULT '0' COMMENT '菜单等级，0为1级，2为2级。。。',
  `menu_fid` int(11) NOT NULL DEFAULT '0' COMMENT '菜单父级',
  `menu_uri` varchar(500) COLLATE utf8_bin NOT NULL DEFAULT '' COMMENT '菜单地址',
  `do_uri` varchar(500) COLLATE utf8_bin DEFAULT '' COMMENT '操作接口',
  `do_serial` int(3) DEFAULT '0' COMMENT '排序',
  `menu_status` int(1) NOT NULL DEFAULT '0' COMMENT '0启用，1禁用',
  `create_time` datetime DEFAULT CURRENT_TIMESTAMP COMMENT '创建时间',
  `update_time` datetime DEFAULT CURRENT_TIMESTAMP ON UPDATE CURRENT_TIMESTAMP COMMENT '更新时间',
  PRIMARY KEY (`id`)
) ENGINE=InnoDB DEFAULT CHARSET=utf8 COLLATE=utf8_bin;

LOCK TABLES `menu_do` WRITE;
/*!40000 ALTER TABLE `menu_do` DISABLE KEYS */;

INSERT INTO `menu_do` (`id`, `menu_name`, `menu_group`, `menu_fid`, `menu_uri`, `do_uri`, `do_serial`, `menu_status`, `create_time`, `update_time`)
VALUES
	(1,X'E7AEA1E79086E59198E6938DE4BD9C',0,0,X'2F61646D696E2F',X'2F61646D696E2F',0,0,'2017-09-02 00:03:27','2017-09-02 00:03:46'),
	(2,X'E799BBE5BD95',1,1,X'2F61646D696E2F6C6F67696E2E68746D6C',X'2F61646D696E2F6C6F67696E2E646F',0,0,'2017-09-02 00:03:27','2017-09-02 00:03:46'),
	(3,X'E588A0E999A4E794A8E688B7',1,1,X'2F61646D696E2F61646D696E2D64656C6563742E68746D6C',X'2F61646D696E2F61646D696E2D64656C6574652E646F',2,0,'2017-09-02 00:03:27','2017-09-02 00:03:46'),
	(4,X'E6B7BBE58AA0E7AEA1E79086E59198',1,1,X'2F61646D696E2F61646D696E2D6C6973742E68746D6C',X'2F61646D696E2F61646D696E2D6164642E646F',1,0,'2017-09-02 00:03:27','2017-09-02 00:03:46'),
	(5,X'E4BFAEE694B9E7AEA1E79086E59198',1,1,X'2F61646D696E2F61646D696E2D7570646174652E68746D6C',X'2F61646D696E2F61646D696E2D7570646174652E646F',3,0,'2017-09-02 00:03:27','2017-09-02 00:03:46');

/*!40000 ALTER TABLE `menu_do` ENABLE KEYS */;
UNLOCK TABLES;


# Dump of table message
# ------------------------------------------------------------

DROP TABLE IF EXISTS `message`;

CREATE TABLE `message` (
  `id` int(11) unsigned NOT NULL AUTO_INCREMENT,
  `message_name` varchar(50) DEFAULT '匿名' COMMENT '留言人',
  `message_value` text COMMENT '留言内容',
  `message_fid` int(11) DEFAULT '0' COMMENT '回复留言id',
  `message_replaynum` int(11) DEFAULT '0' COMMENT '回复量',
  `message_ip` varchar(15) DEFAULT '' COMMENT 'ip',
  `message_address` varchar(100) DEFAULT '' COMMENT 'ip地址',
  `message_link` varchar(200) DEFAULT '' COMMENT '联系方式',
  `create_time` timestamp NOT NULL DEFAULT CURRENT_TIMESTAMP COMMENT '留言时间',
  `update_time` timestamp NULL DEFAULT CURRENT_TIMESTAMP ON UPDATE CURRENT_TIMESTAMP COMMENT '更新时间',
  PRIMARY KEY (`id`)
) ENGINE=InnoDB DEFAULT CHARSET=utf8;

LOCK TABLES `message` WRITE;
/*!40000 ALTER TABLE `message` DISABLE KEYS */;

INSERT INTO `message` (`id`, `message_name`, `message_value`, `message_fid`, `message_replaynum`, `message_ip`, `message_address`, `message_link`, `create_time`, `update_time`)
VALUES
	(1,'黑白','测试',0,0,'0.0.0.0',NULL,NULL,'2017-03-28 22:38:40','2017-08-17 22:10:47'),
	(2,'黑白','哈哈哈',0,0,'0.0.0.0',NULL,NULL,'2017-03-28 22:39:17','2017-08-17 22:10:47'),
	(5,'ssss','sss',0,0,'::1',NULL,NULL,'2017-03-29 21:46:19','2017-08-17 22:10:47'),
	(6,'aaas','aSas',0,0,'192.168.0.4',NULL,NULL,'2017-03-29 21:51:34','2017-08-17 22:10:47'),
	(7,'aaas','aSas',0,0,'192.168.0.4',NULL,NULL,'2017-03-29 21:53:07','2017-08-17 22:10:47'),
	(8,'aaas','aSas',0,0,'192.168.0.4',NULL,NULL,'2017-03-29 21:53:28','2017-08-17 22:10:47'),
	(9,'aaas','aSas',0,0,'192.168.0.4',NULL,NULL,'2017-03-29 21:53:59','2017-08-17 22:10:47'),
	(10,'aaas','aSas',0,0,'192.168.0.4',NULL,NULL,'2017-03-29 21:54:53','2017-08-17 22:10:47'),
	(11,'aaas','aSas',0,0,'192.168.0.4',NULL,NULL,'2017-03-29 21:55:29','2017-08-17 22:10:47'),
	(12,'aaas','aSas',0,0,'192.168.0.4',NULL,NULL,'2017-03-29 21:57:23','2017-08-17 22:10:47'),
	(13,'ssda','dadasd',0,0,'192.168.0.4',NULL,NULL,'2017-03-29 21:59:02','2017-08-17 22:10:47'),
	(14,'ssda','dadasd',0,0,'192.168.0.4',NULL,NULL,'2017-03-29 22:00:04','2017-08-17 22:10:47'),
	(15,'ssda','dadasd',0,0,'192.168.0.4',NULL,NULL,'2017-03-29 22:00:41','2017-08-17 22:10:47'),
	(16,'ssda','dadasd',0,0,'192.168.0.4',NULL,NULL,'2017-03-29 22:01:10','2017-08-17 22:10:47'),
	(17,'ssda','dadasd',0,0,'192.168.0.4',NULL,NULL,'2017-03-29 22:01:23','2017-08-17 22:10:47'),
	(18,'ssda','dadasd',0,0,'192.168.0.4',NULL,NULL,'2017-03-29 22:02:06','2017-08-17 22:10:47'),
	(19,'ssda','dadasd',0,0,'192.168.0.4',NULL,NULL,'2017-03-29 22:03:01','2017-08-17 22:10:47'),
	(20,'ces','cs',0,0,'192.168.0.4',NULL,NULL,'2017-03-29 22:03:11','2017-08-17 22:10:47'),
	(25,'是啥','是啥大事',0,0,'192.168.0.4',NULL,NULL,'2017-03-29 22:53:25','2017-08-17 22:10:47'),
	(26,'测试哈哈哈','留言板已全面竣工',0,0,'175.188.97.29',NULL,NULL,'2017-03-29 23:04:37','2017-08-17 22:10:47'),
	(27,'黑白','欢迎大家踊跃留言。有好的建议和意见都可以通过留言和我联系。',0,0,'175.188.97.29',NULL,NULL,'2017-03-29 23:05:39','2017-08-17 22:10:47'),
	(28,'痴情人','膜拜黑白大佬。',0,0,'118.114.204.251',NULL,NULL,'2017-03-29 23:09:30','2017-08-17 22:10:47'),
	(29,' ','来看看大佬',0,0,'171.108.44.135',NULL,NULL,'2017-03-29 23:15:48','2017-08-17 22:10:47'),
	(30,'<title>来看看大佬</title>','<title>来看看大佬</title>',0,0,'171.108.44.135',NULL,NULL,'2017-03-29 23:17:27','2017-08-17 22:10:47'),
	(31,'萧凌','你好',0,0,'111.76.184.47',NULL,NULL,'2017-03-29 23:19:31','2017-08-17 22:10:47'),
	(32,'萧凌','测试',0,0,'111.76.184.47',NULL,NULL,'2017-03-29 23:23:33','2017-08-17 22:10:47'),
	(35,'黑白','ssssss',32,0,NULL,NULL,NULL,'2017-05-11 23:05:59','2017-08-17 22:10:47'),
	(36,'匿名','ssssss',32,0,NULL,NULL,NULL,'2017-05-11 23:35:01','2017-08-17 22:10:47'),
	(37,'heibai','text',0,0,'',NULL,NULL,'2017-05-12 17:13:00','2017-09-13 09:59:17'),
	(38,'heibai','text',0,0,'',NULL,NULL,'2017-05-12 17:14:01','2017-09-13 09:59:18'),
	(39,'heibai','<p>测试</p>',0,0,'127.0.0.1',NULL,'2388399752','2017-05-14 20:57:12','2017-08-17 22:10:47'),
	(40,'heibai','<p>测试发送</p>',0,0,'127.0.0.1',NULL,'2388399752','2017-05-14 20:59:52','2017-08-17 22:10:47'),
	(41,'heibai','<p>测试发送</p>',0,0,'127.0.0.1',NULL,'2388399752','2017-05-14 21:00:02','2017-08-17 22:10:47'),
	(42,'heibai','<p>测试</p>',0,0,'127.0.0.1',NULL,'2388399752','2017-05-14 21:01:03','2017-08-17 22:10:47'),
	(43,'heibai','<p>哈哈哈</p>',0,0,'127.0.0.1',NULL,'2388399752','2017-05-14 21:02:55','2017-08-17 22:10:47'),
	(44,'是是是s','<p><img style=\"max-width:100%;\" src=\"http://api.map.baidu.com/staticimage?center=113.631349,34.753488&zoom=11&amp;width=478&amp;height=258\"><br></p><p><br></p>',0,0,'127.0.0.1',NULL,'尺寸','2017-05-14 21:03:26','2017-08-17 22:10:47'),
	(45,'测试 ','<p>测试杀杀杀</p>',0,0,'127.0.0.1',NULL,'测试','2017-05-14 22:35:39','2017-08-17 22:10:47'),
	(46,'测试 ','<p>测试杀杀杀</p>',0,0,'127.0.0.1',NULL,'测试','2017-05-14 22:35:44','2017-08-17 22:10:47'),
	(47,'测试 ','<p>测试杀杀杀</p>',0,0,'127.0.0.1',NULL,'测试','2017-05-14 22:35:44','2017-08-17 22:10:47'),
	(48,'测试 ','<p>测试杀杀杀</p>',0,0,'127.0.0.1',NULL,'测试','2017-05-14 22:35:45','2017-08-17 22:10:47'),
	(49,'测试 ','<p>测试杀杀杀</p>',0,0,'127.0.0.1',NULL,'测试','2017-05-14 22:35:46','2017-08-17 22:10:47'),
	(50,'杀杀杀','<p>杀杀杀杀杀杀</p>',46,0,'127.0.0.1',NULL,'杀杀杀','2017-05-14 22:36:16','2017-08-17 22:10:47'),
	(51,'测试留言回复','<p><br></p>',0,0,'127.0.0.1',NULL,'2388399752','2017-05-14 22:37:00','2017-08-17 22:10:47'),
	(52,'lhr','<pre style=\"max-width: 100%;\"><code class=\"javascript hljs\" codemark=\"1\"> $(<span class=\"hljs-string\">\".blog-sendpl\"</span>).on(<span class=\"hljs-string\">\"click\"</span>,<span class=\"hljs-function\"><span class=\"hljs-keyword\">function</span> (<span class=\"hljs-params\"></span>) </span>{\n        $(<span class=\"hljs-string\">\"#sendamessage\"</span>).attr(<span class=\"hljs-string\">\"name\"</span>,<span class=\"hljs-keyword\">this</span>.id);\n    })\n\n    $(<span class=\"hljs-string\">\".blog-sendmessage\"</span>).on(<span class=\"hljs-string\">\"click\"</span>,<span class=\"hljs-function\"><span class=\"hljs-keyword\">function</span> (<span class=\"hljs-params\"></span>) </span>{\n        $(<span class=\"hljs-string\">\"#sendamessage\"</span>).attr(<span class=\"hljs-string\">\"name\"</span>,<span class=\"hljs-number\">0</span>);\n    })</code></pre><p><br></p>',51,0,'127.0.0.1',NULL,'2388399752','2017-05-14 22:37:31','2017-08-17 22:10:47'),
	(53,'','<p><br></p>',0,0,'127.0.0.1',NULL,'','2017-05-14 22:37:47','2017-08-17 22:10:47'),
	(54,'测试留言提示消息框','<p><b><i><font color=\"#ff00ff\">测试留言提示消息框</font></i></b></p><p><br></p>',0,0,'127.0.0.1',NULL,'测试留言提示消息狂','2017-05-14 22:44:04','2017-08-17 22:10:47'),
	(55,'测试发送完毕执行内容','<p style=\"text-align: right; \"><font color=\"#880000\">测试发送完毕执行内容</font></p><p style=\"text-align: right;\"><br></p>',0,0,'127.0.0.1',NULL,'2388399752','2017-05-14 22:49:31','2017-08-17 22:10:47'),
	(56,'测试回复效果','<p><font color=\"#ffcc00\">测试回复效果</font></p><p><br></p>',55,0,'127.0.0.1',NULL,'2388399752','2017-05-14 22:51:32','2017-08-17 22:10:47'),
	(57,'再次测试回复效果','<p>再次测试回复效果</p><p><br></p>',55,0,'127.0.0.1',NULL,'2388399752','2017-05-14 22:52:32','2017-08-17 22:10:47'),
	(58,'','<p><embed src=\"http://player.yinyuetai.com/video/player/2689571/v_0.swf\" quality=\"high\" width=\"640\" height=\"498\" align=\"middle\" allowscriptaccess=\"sameDomain\" allowfullscreen=\"true\" type=\"application/x-shockwave-flash\"></p><p><br></p>',0,0,'127.0.0.1',NULL,'','2017-05-14 22:58:30','2017-08-17 22:10:47'),
	(59,'','<p><br></p>',0,0,'127.0.0.1',NULL,'','2017-05-14 23:04:56','2017-08-17 22:10:47'),
	(60,'','<p><br></p>',0,0,'127.0.0.1',NULL,'','2017-05-14 23:05:07','2017-08-17 22:10:47'),
	(61,'','<p><br></p>',0,0,'127.0.0.1',NULL,'','2017-05-14 23:05:49','2017-08-17 22:10:47'),
	(62,'测试','<p>测试测试测试测试测试测试测试测试测试测试测试测试</p><p><br></p>',0,0,'127.0.0.1',NULL,'测试','2017-05-14 23:17:11','2017-08-17 22:10:47'),
	(63,'哈哈','<p>哈哈哈哈哈哈哈哈哈哈哈哈哈哈哈哈</p><p><br></p>',62,0,'127.0.0.1',NULL,'哈哈','2017-05-14 23:19:29','2017-08-17 22:10:47'),
	(64,'黑白','<p><img style=\"max-width:100%;\" src=\"http://api.map.baidu.com/staticimage?center=113.631349,34.753488&zoom=11&amp;width=478&amp;height=258\"><span style=\"background-color: rgb(248, 248, 248); font-family: Menlo, Monaco, Consolas, &quot;Courier New&quot;, monospace; font-size: inherit; white-space: pre-wrap;\">spring.session.store-type=none</span><br></p><pre style=\"max-width: 100%;\"><code class=\"java hljs\" codemark=\"1\"><img src=\"http://img.t.sinajs.cn/t35/style/images/common/face/ext/normal/0b/tootha_thumb.gif\" style=\"font-size: 0.8em;\"><img src=\"http://img.t.sinajs.cn/t35/style/images/common/face/ext/normal/c9/geili_thumb.gif\" style=\"font-size: 0.8em;\"><span style=\"font-size: inherit;\">#thymeleaf start</span></code><code class=\"java hljs\" codemark=\"1\">#spring.thymeleaf.mode=HTML5\nspring.thymeleaf.mode=HTML5\nspring.thymeleaf.encoding=UTF-<span class=\"hljs-number\">8</span>\nspring.thymeleaf.content-type=text/html\n#开发时关闭缓存,不然没法看到实时页面\nspring.thymeleaf.cache=<span class=\"hljs-keyword\">false</span>\n#thymeleaf end\n\n#servlet\n#绑定端口\nserver.port=<span class=\"hljs-number\">8080</span>\n#绑定域名\nserver.address=localhost\n#启用HTTP响应压缩\nserver.compression.enabled=<span class=\"hljs-keyword\">true</span></code></pre><p><img src=\"http://img.t.sinajs.cn/t35/style/images/common/face/ext/normal/6e/panda_thumb.gif\"><br></p><p><br></p>',0,0,'127.0.0.1',NULL,'2388399752','2017-05-14 23:55:39','2017-08-17 22:10:47'),
	(65,'lhr','<p><img style=\"max-width:100%;\" src=\"http://api.map.baidu.com/staticimage?center=113.631349,34.753488&zoom=11&amp;width=478&amp;height=258\"><br></p><pre style=\"max-width: 100%;\"><code class=\"java hljs\" codemark=\"1\"><span class=\"hljs-meta\">@RestController</span>\n<span class=\"hljs-meta\">@SpringBootApplication</span>\n<span class=\"hljs-meta\">@EnableAutoConfiguration</span>(exclude={DataSourceAutoConfiguration.class})\n<span class=\"hljs-keyword\">public</span> <span class=\"hljs-class\"><span class=\"hljs-keyword\">class</span> <span class=\"hljs-title\">BlogApplication</span> </span>{\n	<span class=\"hljs-function\"><span class=\"hljs-keyword\">public</span> <span class=\"hljs-keyword\">static</span> <span class=\"hljs-keyword\">void</span> <span class=\"hljs-title\">main</span><span class=\"hljs-params\">(String[] args)</span> </span>{\n		<span class=\"hljs-comment\">//禁用自动重启</span>\n		<span class=\"hljs-comment\">//System.setProperty(\"spring.devtools.restart.enabled\", \"false\");</span>\n		SpringApplication.run(BlogApplication.class, args);\n	}\n}\n</code></pre><p><img src=\"http://img.t.sinajs.cn/t35/style/images/common/face/ext/normal/6e/panda_thumb.gif\"><img src=\"http://img.t.sinajs.cn/t35/style/images/common/face/ext/normal/70/vw_thumb.gif\"><img src=\"http://img.t.sinajs.cn/t35/style/images/common/face/ext/normal/15/j_thumb.gif\"><img src=\"http://img.t.sinajs.cn/t35/style/images/common/face/ext/normal/ac/smilea_thumb.gif\"><br></p><p><br></p>',0,0,'127.0.0.1',NULL,'2388399752','2017-05-14 23:56:48','2017-08-17 22:10:47'),
	(66,'白黑','黑白我爱你，Mua~',0,0,'111.76.131.214',NULL,NULL,'2017-05-15 21:31:20','2017-08-17 22:10:47'),
	(67,'hello','<span style=\"color: red;\">hello world.</span>',0,0,'160.16.211.247',NULL,NULL,'2017-05-16 19:06:31','2017-08-17 22:10:47'),
	(68,'hello','<script>\nconsole.log(123);\n</script>',0,0,'160.16.211.247',NULL,NULL,'2017-05-16 19:07:13','2017-08-17 22:10:47'),
	(69,'测试','<h2><font color=\"#eeece0\" style=\"background-color: rgb(77, 128, 191);\"><b>测试发表留言</b></font></h2>',0,0,NULL,'0:0:0:0:0:0:0:1','2388399752@QQ.com','2017-09-13 11:50:14','2017-09-13 11:50:14'),
	(70,'测试发表留言','<p>GitHub：<a href=\"https://github.com/zzlhr/myblog\" target=\"_blank\" style=\"background-color: rgb(255, 255, 255);\">myblog</a></p><p>欢迎加入维护</p>',0,0,NULL,'0:0:0:0:0:0:0:1','00000100','2017-09-13 11:52:48','2017-09-13 11:52:48'),
	(71,'韩少华','<p>我是逗比</p>',0,0,NULL,'0:0:0:0:0:0:0:1','12345677','2017-09-13 13:16:45','2017-09-13 13:16:45'),
	(72,'millent','\r\n						',0,0,NULL,'127.0.0.1','123456789','2017-09-14 18:50:27','2017-09-14 18:50:27'),
	(73,'test2','<pre><code>code</code></pre><pre><code>rm -r</code></pre><p><br></p>',0,0,NULL,'127.0.0.1','123456','2017-09-14 18:50:57','2017-09-14 18:50:57');

/*!40000 ALTER TABLE `message` ENABLE KEYS */;
UNLOCK TABLES;


# Dump of table status
# ------------------------------------------------------------

DROP TABLE IF EXISTS `status`;

CREATE TABLE `status` (
  `id` int(11) NOT NULL AUTO_INCREMENT,
  `classname` varchar(255) COLLATE utf8_bin DEFAULT NULL,
  `cs` int(11) DEFAULT NULL,
  `fid` int(11) DEFAULT NULL,
  `number` int(11) DEFAULT NULL,
  `value` varchar(255) COLLATE utf8_bin DEFAULT NULL,
  PRIMARY KEY (`id`)
) ENGINE=InnoDB DEFAULT CHARSET=utf8 COLLATE=utf8_bin;



# Dump of table website
# ------------------------------------------------------------

DROP TABLE IF EXISTS `website`;

CREATE TABLE `website` (
  `id` int(11) unsigned NOT NULL AUTO_INCREMENT,
  `website_title` varchar(255) DEFAULT '黑白博客系统' COMMENT '网站标题',
  `website_logo` varchar(255) DEFAULT 'logo.png' COMMENT '网站logo',
  `website_realmname` varchar(255) DEFAULT 'myheibai.cn' COMMENT '网站域名',
  `website_keyword` varchar(1000) DEFAULT '博客,我的博客,小站,管理系统,java,html,css,js' COMMENT '网站关键字',
  `website_describe` varchar(500) DEFAULT '开源博客系统，随手记录生活，热爱生活，热爱编程。----黑白 qq：2388399752' COMMENT '网站描述',
  `website_tel` varchar(20) DEFAULT '' COMMENT '网站联系人',
  `website_qq` varchar(11) DEFAULT '' COMMENT '网站联系人qq',
  `website_email` varchar(200) DEFAULT '' COMMENT '网站联系人邮箱',
  `website_address` varchar(500) DEFAULT '郑州' COMMENT '地址',
  `website_bottom` text COMMENT '网站底部信息',
  `website_status` int(3) DEFAULT '0' COMMENT '状态：0为未启用，1为启用',
  `website_aboutme` text COMMENT '关于我',
  `create_time` datetime DEFAULT CURRENT_TIMESTAMP COMMENT '创建时间',
  `update_time` datetime DEFAULT CURRENT_TIMESTAMP ON UPDATE CURRENT_TIMESTAMP COMMENT '更新时间',
  PRIMARY KEY (`id`)
) ENGINE=InnoDB DEFAULT CHARSET=utf8;

LOCK TABLES `website` WRITE;
/*!40000 ALTER TABLE `website` DISABLE KEYS */;

INSERT INTO `website` (`id`, `website_title`, `website_logo`, `website_realmname`, `website_keyword`, `website_describe`, `website_tel`, `website_qq`, `website_email`, `website_address`, `website_bottom`, `website_status`, `website_aboutme`, `create_time`, `update_time`)
VALUES
	(1,'黑白博客系统','logo.png','myheibai.cn','博客,我的博客,小站,管理系统,java,html,css,js','开源博客系统，随手记录生活，热爱生活，热爱编程。----黑白 qq：2388399752','18239787730','2388399752','2388399752@qq.com','郑州','<p>heibai的小站&nbsp豫ICP备17005770号</p>',0,'&nbsp;&nbsp;&nbsp;一个喜欢捣鼓新知识，热爱钻研的码农，希望能和大家多多交流。','2017-08-17 22:13:11','2017-08-17 22:13:36');

/*!40000 ALTER TABLE `website` ENABLE KEYS */;
UNLOCK TABLES;



/*!40111 SET SQL_NOTES=@OLD_SQL_NOTES */;
/*!40101 SET SQL_MODE=@OLD_SQL_MODE */;
/*!40014 SET FOREIGN_KEY_CHECKS=@OLD_FOREIGN_KEY_CHECKS */;
/*!40101 SET CHARACTER_SET_CLIENT=@OLD_CHARACTER_SET_CLIENT */;
/*!40101 SET CHARACTER_SET_RESULTS=@OLD_CHARACTER_SET_RESULTS */;
/*!40101 SET COLLATION_CONNECTION=@OLD_COLLATION_CONNECTION */;
